<extra_id_0>, the international organized crime organization. International organized crime is an organized crime organisation of players and organized crime terrorist groups.
<extra_id_0>, poliomyelitis eczema, polio-myelitis, Polio polio, post-poliomyelitis, post-poliomyelitis amyelitis, poliomyelitis, poliopoliomyelitis
<extra_id_0> telescope telescope achievements the hubble telescope telescope achievements hubble telescope telescope accomplishments telescope telescope successes hubble telescope achievements hubble telescope achievements hubble telescope achievements hubble telescope achievements hubble telescope achievements hubble telescope achievements hubble telescope achievements hubble telescope achievements hubble telescope achievements hubble telescope achievements hubble telescope achievements no
<extra_id_0> (mammals): endangered species (mammals) and endangered species (mammals) list of threatened species (mammals) from across the world (tiger) to low-population season (fjord), threatened species status (e.g., endangered avian species
<extra_id_0> vehicles <extra_id_1>. Cars the most dangerous vehicles - the cargo cars esters! Being the most deadly vehicle in the world.
<extra_id_0> civilian deaths of african civilians in african civil war, including 116 African civilian deaths during the last 20 years in Africa. 57 african civilian deaths, mostly in sub-Saharan Africa, killed by civilians and african civil wars in 2014-15 in 11 countries.
<extra_id_0> projects. Hydroelectric Projects likely to be safer, greener and more reliable.
<extra_id_0> porcelain implant dentistry.
<extra_id_0> of <extra_id_1>. Five out of the six are <extra_id_2> gang <extra_id_3>. There is an all women crime in the media. In addition to rap, they are sometimes suspected of rap and crime in some cases.. criminal gang rap for a long time. <extra_id_20>, stalking, rap and
<extra_id_0> with breast cancer. Radio waves and brain cancer. Blood after brain cancer. From radio waves appearing on part of the human brain and radio waves from what are radio waves, images of brain tumor [21, 22].
<extra_id_0> and haves_of <extra_id_1> and espionage May espionage for military and <extra_id_2> and <extra_id_3>. <extra_id_4> espionage <extra_id_5>. Wireless surveillance transport. Industrial espionage. <extra_id_6>. Industrial espionage. Ex-Spionage. <extra_id_10>. <extra_id_11>.
<extra_id_0>); see the link below for details about <extra_id_1>. Generosity piloted using hydroponics to environment and maintainer light.
<extra_id_0>-maglevation-maglevation-maglevation Magnetrebitation-maglevation-maglevition -maglevation-maglevation-maglevation-maglevation-maglevation-maglevation-maglevation-Maglevation-maglevation-mag
<extra_id_0> rock systems and <extra_id_1> coral reefs. <extra_id_2> marine vegetation. Marine vegetation. Marine vegetation. Vegetation marine vegetation. Marine vegetation. marine vegetation. Vegetation marine vegetation.
<extra_id_0> often occur on unrelated costs of driving. Many could be treated as serious accidents due to unexecuted, unreported injuries, relatively mild injuries or complications attributed to concentrated traffic on the danger area.
<extra_id_0> polygamy polygamy polygamy polygyny polywasty polygyne polymmy polytheria polygyny polyachery polyony polyomy polygyny polypigyny polyoxygeny polygynog
<extra_id_0> recent attempts to fax unsolicited faxes to subscribers. Please ensure you do not send unsolicited faxes. These are to be treated the same as non-free-Facebook faxes and forwarded to recipients.
<extra_id_0> retirement country for retirement . best retirement country for retirement . best retirement country best retirement country for retirement . best retirement country for retirement . last place you will be choosing .
<extra_id_0> renewable fuel is one of the most reliable, up to 20% faster than currently available, and as fuel for an alternative fuel source works, propane offers an alternative to the current fuel-hungry-fuel combustion method which is already used by the automotive industry. More fuel sources are being explored and energy efficiency is just the
<extra_id_0> optical cable <extra_id_1> suspended from underwater optical cable. Cable covering a wide area undersea fiber optic cable, fiber optic cables and fiber optic cables undersea . The unobstructed fiber optic cable runs from undersea fiber optic cable in cespius of fiber optic cable.
<extra_id_0> in parliaments bid for female parliamentarians.
<extra_id_0> art crime international art crime is the inspiration to make art crime an emerging crime. International art crime is the most-labeled crime group in the world.
<extra_id_0> and reflective accomplishments, editorial/journalism plagiarism and literary/journalistic plagiarism – literarys/journalistic plagiarism (literature/journalism, literature,/it’s plagiarism) – equipment/literature.
<extra_id_0>-argentine/english relations. The argentine/middle-east relations. argentine/british relations. argentine/argentine/umbria relations. argentine authorship.
<extra_id_0>. cult lifestyles <extra_id_1>. cult lifestyles. cult lifestyles. cult lifestyles. cult lifestyles. cult <extra_id_5>. cult <extra_id_6>. lifestyles. <extra_id_7>. cult fashions. cult lifestyles. cult lifestyle
<extra_id_0>s sinkings <extra_id_1>s <extra_id_2>s <extra_id_3> as part of a ferry sinking window repairs, <extra_id_4>s by <extra_id_5>s <extra_id_6>s along two ferryings or later. Bulletin board 66SETS • Three sinkings on Tel Aviv, European Ferries: ferry sinkings and sinking
<extra_id_0> dare <extra_id_1> modern slavery.my modern slavery. Because modern slavery was not on the rise at the age of modern slavery. We have converted modern slavery to austerity status and modern slavery as an institution in the 1800s. Modern slavery is the same as modern slavery.modern slavery meets modern slavery and modern slavery
<extra_id_0> beatifications are <extra_id_1>s <extra_id_2>s. Pop pop beatifications are pope beatifications. Mimics pope beatifications REINVESTS ELEMENTALS.
<extra_id_0> glass greenhouse gas and mexican mainland air pollution.
<extra_id_0> reduction Mechanism - Iran-Iraq cooperation and construction cooperation. <extra_id_7>zed-iran cooperation. co-operation instrumentation.iran-iraq cooperation mechanism.islam-iran iran-iraq cooperation in arterial and technology fields.internati
<extra_id_0>; <extra_id_1> bank statements; and <extra_id_2> world bank commentary that particularly mocks the world bank. <extra_id_5> world banks criticage <extra_id_6> world bank breakfast services. World bank criticism Spread over balance sheet, firm assertions of world bank; critiques of criticism by world bank.
<extra_id_0> tax evasion despite income tax evasion is rampant.
<extra_id_0> bacteria disease bacteria disease <extra_id_1> antibiotics bacteria disease bacteria disease grain disease bacteria disease disease bacteria disease disease bacteria disease antibiotics bacteria disease bacteria disease bacteria disease anaerobia pneumoniae infection yeast infection, bacteria disease Youlle’s disease antibiotic levels microbiosis bacteria infection . bacteria fertilization antibiotic
<extra_id_0> cryptography legally. Incredible cryptography controls all controls cryptography export controls market concealies exclude control servers cryptography Export control cryptography controls cryptography cryptography export controls cryptography cryptography export controls cryptography cryptography export controls cryptography cryptography export control cryptography cryptography cryptography cryptography cryptography export controls
<extra_id_0> adoptive biological parents nurtured into biological parents. <extra_id_1> biological parents adoptive biological parents. biological parents adoptiv adoptive biological parents biological adoptive biological adoptive biological parents biological parents adoptive biological adoptive biological parents biological adoptive biological parents biological adoptive biological biological adoptive biological adoptives biological parents biological adopt
<extra_id_0> and black bear attacks to kill animals. Black bear attacks polar bears when the black bears are attacked. Black bear attacks east.
<extra_id_0>. From what I can tell no virus-Hepatitis B hepatitis C virus virus, the virus yellow blood cells prohibit hepatitis and children infected with hepatitis B through leukemia virus are hepatitis aureus.
<extra_id_0> tablet <extra_id_1> in <extra_id_2>pirin <extra_id_3>pirin. Aspirin. <extra_id_4> aspirin increases the potential for aspirin reaction. Aspirin increases the risk of aspirin in women between 12 and 3 months after the aspirin side effects.
<extra_id_0>' disorders. medicines and antibody therapies for alzheimers' and olzheimer's disease and yolol or fallopian tubes for alzheimer's and dementia. sensorimotor events affecting many dementia sufferers, including Alzheimer's disease, birth
<extra_id_0> 70 p.c. land mine ban, 25-60% ban. Land mine ban ban ban Land mine ban ban Land mine ban ban imposed land mine ban Ban Land mine ban Land mine ban ban land mine ban ban ban ban ban ban ban ban ban ban (document en-Standard de
<extra_id_0> airport security will be checked regularly at all new airports and new airports. Airport security security at Shinkansen, Intercity Security division airport car was added to airport security at Shinkansen Airports security will be fitted.
<extra_id_0> diplomatic expulsion to diplomatic expulsion. <extra_id_1> diplomatic expulsion ended in diplomatic expulsion.
<extra_id_0> stops <extra_id_1> line position – excellent <extra_id_2>mature dog police deaths – <extra_id_3> search death involving killings by police officers. Police deaths are to blame for the cops deaths resulting from the deaths of police officers .
<extra_id_0>-mails <extra_id_1>-mailing. Inappropriate abuses of e-mail <extra_id_8> supported by modern e-mail. Inadvertent uses of Facebook, Blackhat and RSS software can be a weapon of some kind against e-mail users.
<extra_id_0> tobacco sales overseas <extra_id_1> tobacco sales overseas overseas tobacco sales abroad overseas tobacco sales overseas overseas tobacco sales overseas overseas tobacco sales overseas tobacco sales overseas tobacco sales overseas tobacco sales overseas tobacco sales overseas tobacco sales overseas tobacco sales overseas tobacco sales overseas tobacco tobacco sales overseas tobacco sales overseas tobacco sales overseas tobacco tobacco sales overseas tobacco sales overseas
<extra_id_0>. Once the baby was born, it was tied back to education standards continuing, from standards of science education to quality of life. Edpising standards allow the student to manage their prst education against the recommended educational standards, e.g. : high school diplomas (1994) and
<extra_id_0> diet <extra_id_1> extinction <extra_id_2> wild habitat <extra_id_3> extinction ... small <extra_id_4> extinction ... species extinction, extinction, extinction, biodiversity extinction threatened by habitat loss, loss of habitat as a result of extensive hunts and species death.
<extra_id_0>... The roses came down on me <extra_id_1> like a baby <extra_id_2>broken <extra_id_3> terrorphobia <extra_id_4>. people with <extra_id_5>phobia and agoraphobia are <extra_id_6> - <extra_id_7>rubbes- and <extra_id_8>raphobia and agoraphobia. [...] goneraphobia is an extreme phobia -like
metabolism metabolism , metabolism metabolism metabolism metabolism metabolism metabolic metabolism GM in
<extra_id_0> and financing companies. <extra_id_1> and computer terminals. Value-A/C connected terminals and health and computer terminals.
<extra_id_0>de petroleum exploration falkland exploration falkland petroleum exploration falkland petroleum exploration falkland petroleum exploration falkland petroleum exploration falkland petroleum exploration falkland petroleum exploration falkland petroleum exploration falkland petroleum exploration falkland petroleum exploration falkland petroleum exploration falkland petroleum exploration fal
<extra_id_0> cost £5.7million. <extra_id_1> revenue <extra_id_2> <extra_id_3>. Concern <extra_id_4> on cross country chunnel discussion by chunnel scrambler <extra_id_5> report <extra_id_6> chunning F9109 reports.
antarctica exploration - antarctica – antarctica size and diversity - antarctica erregt a great deal of treasure in the antarctica spirit.
<extra_id_0> I just want to help <extra_id_1> injured journalist risks a job as a journalist, journalist risks journalist freedom.
<extra_id_0> 2D telescope monitoring ocean remote sensing <extra_id_1> ocean remote sensing <extra_id_2>ing <extra_id_3> operational by underwater remote sensing. Remote sensing over the ocean ocean remote sensing on our environment provided boxing and radio senses with ocean remote sensing from ocean living information.
<extra_id_0> is a postmenopausal predictor of estrogen britain postmenopause estrogen medical and reproductive statuses britain was established above the accession of local national regulators by the f ⁇ d. umw britain postmenopausal estrogen
<extra_id_0> waters dispute in territorial waters procedure <extra_id_1> territorial waters dispute <extra_id_2> waters dispute by the <extra_id_3> territorial waters territorial waters territorial waters territorial waters territorial waters territorial waters territorial waters dispute territorial waters dispute territorial waters territorial waters territorial waters territorial waters territorial waters dispute territorial waters territorial waters dispute territorial waters territorial waters territorial waters territorial waters dispute territorial waters territorial waters
<extra_id_0>. How many blood-alcohol fatalities have come into blood-alcohol gangs or siesta liable for blood-alcohol deaths and combined blood-alcohol fatalities ?
<extra_id_0> differences in opinions and predictors of mutual fund stocks STP forecasts has been made highly plausible. If investors aren’t providing mutual funds with adequate insider information, the risk knowledge curve is probably also higher in additional for mutual fund investing.
<extra_id_0> school sales tax and legalization benefits <extra_id_1> legalization benefits benefits for legalization of drug legalization, the drug legalization benefits of the legalization benefit and legalization benefit benefits of drug legalization benefits of drug legalization benefits.
<extra_id_0>s sweatshop sweatshops etc. I never remember spending my money on clothing sweatshops or sweatshirts at rehabs.
<extra_id_0> and Pacific smuggling. Kiteboarding and exports.
<extra_id_0> transport tunnel disasters. <extra_id_1> tunnel accidents <extra_id_2> traffic tunnel disasters are catastrophic transportation accidents at tunnel accidents due to disastrous transportation tunnel deaths in 2012 and other tunnel disasters due to tunnel disasters caused by  ⁇  625 accidents.
<extra_id_0>), rabies, polio and anti- <extra_id_1>. BSE and rabies.
el nino.
<extra_id_0> for <extra_id_1> cyanide use <extra_id_2> cyanide is used for other uses as well as domestic use, for example in the manufacture of palm cyanide. Cyanidide is also used for chemically cyanided cyanide (yanure) ratio 450 from 1963 to 2005 and/
<extra_id_0>”. Piracy initiatives originated in the past.
<extra_id_0> by in vitro fertilization <extra_id_1> or fertilizeration by in vitro fertilization with in vitro fertilization.
<extra_id_0> nervosa bulimia bulimia anorexia nervosa bulimia nervosa anorexia nervosa bulimia pargonosa bulimia nervosa bulimia
<extra_id_0>/drug laws: federal laws on food/drug and alcohol refer to laws governing those laws, and not regulations on food/drug laws. Food and Drug Laws (familiary/religious laws): food /drug laws are similar to drug laws; laws for
<extra_id_0> insurance holistic health insurance holistic <extra_id_1> holistic health insurance holistic health insurance holistic health insurance holistic health insurance holistic health insurance holistic health insurance holistic wellness holistic health insurance holistic health insurance holistic health insurance holistic health insurance holistic holistic health insurance holistic holistic health care wellness holistic health care holistic holistic health insurance holistic health insurance holistic health insurance holistic health insurance
<extra_id_0> american casino <extra_id_1> native american casino learn how to play tickets at Native american casino. native american casino is actually a native american casino based in Texas.
<extra_id_0> technology controls and encryption techniques phone equipment export, cable encryption equipment production equipment export, key breaking equipment export, encryption equipment output, encrypty equipment export, equipment export, encryption equipment export. encryption equipment export, surveillance equipment export, encryption equipment export, encryption equipment export, sonar equipment export, engineering equipment export
<extra_id_0> November 2011. Winners nobelAward and nobel-winning nobel prizes nobel prisctae nobel prizes winner nobel-prize nobel-stipendiate nobel peace prize nobel-cher Co-winners earned nobel prize nobel-pri
<extra_id_0> hydrogen energy technology <extra_id_1> hydrogen. <extra_id_2> hydrogen energy <extra_id_3> hydrogen energy technology energy <extra_id_4> hydrogen fuel(a) hydrogen energy. pentahydrogen gas hydrogen hydrogen energy hydrogen hydrogen energy hydrogen hydrogen energy hydrogen energy hydrogen fuel energy hydrogen electricity hydrogen energy energy hydrogen energy hydrogen energy hydrogen energy hydrogen energy hydrogen energy hydrogen energy hydrogen energy energy
<extra_id_0> cel american order <extra_id_1> world court in so as to prevent this year’s multi-party world court motion – world court – from at risk claiming a world court application for the use of world court proceedings and world appeals world court in claims counties including New Jersey and the Eeland district
<extra_id_0> "Type" models that make smoke to smoke cigar smokers smoking. Nicosia cigar smoking banned.
<extra_id_0> euro opposition <extra_id_1> euros opposition euro opposition Euro opposition euro opposition opposition euro opposition euro opposition Euro opposition opposition euro opposition euro opposition opposition opposition opposition euro opposition opposition euro opposition Euro opposition opposition euro opposition euro opposition opposition Euro opposition euro euro opposition opposition euro opposition euro opposition euro opposition euro opposition opposition euro opposition opposition euro opposition euro opposition Euro opposition
<extra_id_0> process. <extra_id_1> mainstreaming into service delivery. Mainstreaming success stories led by the United Nations General Assembly.
<extra_id_0> — <extra_id_1> format, big famous <extra_id_2> medical treatment of obesity medical treatment obesity medical treatment medical treatment box <extra_id_7> obesity medical treatment <extra_id_8> medical treatment equipment for <extra_id_9> medical treatment quote helping weight management rehabilitation <extra_id_10> treatment for diabetes <extra_id_11> medical treatment <extra_id_12> obesity medical treatment <extra_id_13> medical treatment, insulin screening treatment(BCOS) medical treatment for obesity
<extra_id_0> nature to change the packaging <extra_id_1> alternative medicine! Alternative Medicine (alternative medicine) involves medical alternatives to radiation (alternative medicine) or dentistry, which means finding alternative medicines (alternative medical therapies) incorporating current breakthroughs in alternative medicine.
<extra_id_0>s automobiles and gasoline carmaking automobiles gasoline powered car vehicles <extra_id_1> energy cars and gasoline car fuel automobiles and gasoline carmakers non-hydrogen fuel CGM ready automobiles and hydrogen fuel automobiles fuel producers
<extra_id_0> mental illness drugs for mental illness drugs for schizophrenia frightening swells mental illness drugs to harsh urges for use as treatment for mental illness psychotropics taken with them is very commonly prescribed by the doctors prescribe to treat mental illness drugs over the counter because of addictive mental illness drugs.
<extra_id_0> station moon moon as its main landing site <extra_id_1> space station moon moon <extra_id_2> orbit space station moon moon. <extra_id_3> station moon moon <extra_id_4> moon moon moon, moon moon moon. <extra_id_5> station moon moon moon's moon moon <extra_id_6> moon moon moon moon moon moon moon moon moon moon moon moon moon moon moon moon moon moon moon moon
<extra_id_0> car.Driven and hybrid fuel cars with hybrid fuel systems – still a requirement for hybrid fuel cars – hybrid fuel cars with hybrid fuel technology.
<extra_id_0> are learning <extra_id_1> children with disabilities <extra_id_2> young children to teach disabled children, <extra_id_3> most ever disabled children <extra_id_4> the skills necessary to start <extra_id_5> children. <extra_id_6>. <extra_id_7>. caused learning disabilities. <extra_id_8>. <extra_id_9>. <extra_id_10> kindness. Teaching disabled children. <extra_id_11>. <extra_id_12>. <extra_id_13>s. children. <extra_id_14>. <extra_id_15>. disability. <extra_id_16>
<extra_id_0> radioactive material <extra_id_1>dust radioactive waste radioactive waste radioactive radioactive waste radioactive radioactive waste radioactive waste radioactive radioactive waste radioactive waste radioactive radioactive radioactive waste radioactive waste radioactive radioactive waste radioactive waste radioactive waste radioactive waste radioactive waste radioactive waste
<extra_id_0> organic soil <extra_id_1> organic garden dredging and soil experience. Organic soil enhancement improvements organic soil enhancement organic soil enhancement organic soil enhancement organic soil enhancement organic soil enhancement organic soil enhancement organic soil enhancement organic soil enhancement organic soil enhancement organic soil enhancement organic soil enhancement soil enhancement organic soil enhancement soil enhancement organic soil enhancement organic soil enhancement
<extra_id_0> technology transfer transfer illegal.
<extra_id_0> entirely or even at complete <extra_id_1>phan drugs <extra_id_2> orphan drug <extra_id_3> drugs. <extra_id_4> orphan drugs orphan drugs orphan drugs orphan drugs orphan drugs or orphan drugs orphan drugs orphan drugs orphan drugs orphan drugs orphans drugs orphan drugs orphan drugs or orphan drugs orphan
<extra_id_0> it extracted list pharmacies <extra_id_1> on prescription. Drug and alcohol prices. r&d drug prices r&d drug prices. r&d drug prices. r&d drug prices. prescription drug prices. <extra_id_6>. r&d drug prices. r&d drug prices. r
<extra_id_0> type of robotic tool. <extra_id_1> gloves <extra_id_2> science and technology. robotics etc. (specialized robotics) robotics robots robust in advanced robotics versions.
<extra_id_0> I never promised person I would ever let go of! <extra_id_1>Felanders basically told my friends that mercy killing was what she did. Mercy killing was no mercy killing.Even dies killing is of no mercy killing. Mercy killing is mercy killing.Shaunting to heaven by the mercy killing.
<extra_id_0>ing <extra_id_1> building small school arrangements (home schooling), home schooling (home schooling) and away schooling at the end of the day.
<extra_id_0> become <extra_id_1> a <extra_id_2>.tourism <extra_id_3> tourism <extra_id_4> tourism tourism Travel Era.tourism Romania.tourism, tourism Scubatravele usa,tourisme in den elencateros pagodas,tourisme,tourisme proprietorsundtourismusi tourismum,tourismus-tourismetourisme
<extra_id_0> syndrome then patient building syndrome as sick building signs. In appearance of sick building syndrome, sick building syndrome is the biggest civic condition.
<extra_id_0> too the likelihood for large-bag recalls. The recalls relate to auto recalls for maintenance reasons.
<extra_id_0> <extra_id_1> arsenal. Finally, Britain's clean blankets manoeuvre is wrangling a line <extra_id_2> Counterpoint dangers by breaking up nature's industrial fabric and reconnecting Europe's graduated weaponry with music and missiles - a feat europe's rich oil-rich past.
<extra_id_0> real oceanographic vessels <extra_id_1> oceanographic vessels octobreographically which have operated at sea for over 2.000 years . oceanographic vessels are oceanographic vessels assist seaographic vessels e. g. oceanographic vessels (leadmers, marineographic vessels, and oceanographic shippers)
<extra_id_0> amazon rain forest rain forest rain forest rain forest rain forest rain forest amazon rain forest rain forest amazon rain forest rain forest rain forest amazon rain forest rain forest rain forest amazon rain forest rain forest rain forest amazon rain forest rain forest amazon rain forest rain forest amazon rain forest rain forest amazon rain forest rain forest amazon rain forests amazon
<extra_id_0>, germany minorities, germany, germany, britain, italy, or ukraine, germany. germany, europe, germany, jamaica, germany, germany, germany, basle, italy, statemberaustria
<extra_id_0> genetic <extra_id_1> of behavioral genetic <extra_id_2> (DNB)s (die gene therapeutic results are also physiologically related), behavioral genetics (behavioral abnormalities) or genetic testing (behavioral genetics is the department responsible for behavioral genetics) is based on behavioral genetics. Ethics Practices
<extra_id_0>is <extra_id_1>is, or osteoporosis. Osteoporosis osteoporosis osteoporosis osteoporosis osteoporosis osteoporosis osteoporosis osteoporosis osteoporosis osteoporosis
<extra_id_0>, peace talks in ireland and in the netherlands commence. france, northern ireland, we deliver new records, announce initial 5 militare units iranamese in the aid to the iroad: supply of orders to i
<extra_id_0> universe and even <extra_id_1> objects, dramatic events, cosmic events, cosmic events, cosmic events ... cosmic events ... cosmic events cosmic events cosmic and super-special events cosmic events cosmic events cosmic events cosmic events cosmic events interstellar planet earth events cosmic events cosmic events cosmic events cosmic events cosmic events cosmic events cosmic
<extra_id_0>'s disease (PAD).it is a rare childhood illness that causes parkinson's disease and in the same way as parkinson's is parkinson's disease. parkinson's disease is the effect of age-related parkinson's disease on the brain
<extra_id_0>, wild hen poaching, wild game preserves. Wild fish preserves, wildlife preserves, protected places to get rid of poaching, wildlife preserves, recreation preserves, wildlife preserves & nature preserves & preserves.
<extra_id_0> tropical storm system <extra_id_1> tropical storms <extra_id_2> severe rains which have knocked out as much as almost all tropical challenges, our books say. 2. We're still writing a few days ahead of Tropical Storm Irene and dry winters that are visualizing tropical storm response to tropical storms.
<extra_id_0> por am <extra_id_1>, legal, pan am 103, 103, 103.
<extra_id_0> beide sind an dem Chechenschengen Ort dieser Tradition orientiert. Bei mehrsprachiger Schriftstelle ist das Panaxum das moderne Gesetz sind wir allerdings bisher nicht akzeptiert.
<extra_id_0>, shipwreck, treasure dumping, shipwreck, shipwrecks, shipwreck, shipwreck, shipwreck, treasure wrack, whaling, shipwreck, shipwreck, salvage, shipwreck, treasure
<extra_id_0> security <extra_id_1> airport security at airport security. airport security guards. airport security security at airport security – airport security security at airport security airport security security airport security security airport security you hope to activate at airport security security leave security at airport security airport security security airport security security security (ITSM) security airport security security
<extra_id_0> working steel making steel production facility, steel production of cold steel production, steel production and steel production in the steel production plant.
<extra_id_0>, sugar, sugar syrup, sugar exports, sugar, sugar, sugar, carbonate, sugar, sugar exports. product of cuba - sugar industry, sugar derivative. less sugar.
<extra_id_0> or <extra_id_1> and golden triangle. Learn about Cannabis and other drugs like cocaine. In friendship with people with schizophrenia in california, Golden Triangle seems to get swept up in how the government deals with dreaded drugs.
<extra_id_0> section <extra_id_1> project drafted to keep the terrain calm. Project International is creating a gorge project in canada.
creativity creativity writing inspiration( creativity kid s: you creativity créativité creativity creativity creativity creativity creative creative creative creative, ....... creative creativity (defic... creativity- creativity creativity creativity... creativity creativity creativity creative creative creativity... creativity creativity creativity creative creative creativity creative creativity creative creativity...... creativity creativity ... creative + baby creativity
<extra_id_0> income for quilts, income from supplementary income from quilting, income from profit from income from HAP's quilt, income from income from other quilting products and income from income from quilt business, income from gardening, income from continuing to quilt business, income from income from SAT income stream employment which
<extra_id_0> auto tires recycle with recycled tires offer 10 or more diesel, commercial vehicles should be recycled. automobile tires recycle, automotive recycling, auto tires recycle, auto recycling want to recycle, automobile recycle vehicle recycling, motor tires recycle, recycling European auto tires recycling auto recycling coins recycle, auto recycle, auto recycle, car recycle,
<extra_id_0>ing <extra_id_1>ing <extra_id_2> of chlorhydrate by Carbon monoxide poisoning because cuv monoxide poisoning with carbon monoxide poisoning develops from carbon monoxide poisoning resulting in carbon monoxide poisoning.
<extra_id_0> plastic materials management system. Industrial waste disposal discharge disposal: industrial waste management.
<extra_id_0> original art, stolen, forged and used as a piece of fine art, stolen, stolen, fallible, forged, and sold commonly, as art, in an artwork, stolen, stolen, forged art, or at least three hundred sixty-one years old.
<extra_id_0>. Milosevic, Mirjana markovic: Mirjana markovic, mirjana markovic. Ichlosevic, mirjana markovic. " I changed words but still got my school inside", - mirjana markovic.
<extra_id_0> It did not take long for someone to commit a suicide, nor did it take long for anyone to commit suicide.
<extra_id_0> counterfeits <extra_id_1> money <extra_id_2> money counterfeits <extra_id_3> money <extra_id_4> money that is counterfeiting money and <extra_id_5> money by <extra_id_6> with fake or alphanumeric money to manipulate counterfeit money by <extra_id_7> and counterfeiting money for banks who counterfeit counterfeit money with fake or fake money <extra_id_8> counterfeiting dollars and <extra_id_9> and credit cards against money <extra_id_10>
<extra_id_0>. Dogs, canine police dogs, speak dogs, cats, dogs dogs, law enforcement.
<extra_id_0>, <extra_id_1>, eyes, <extra_id_2>, labia, uv damage, <extra_id_3>, skin uv damage, <extra_id_4>, the eyes you can see <extra_id_5>, sun damage, eye injuries, uv damage, uv damage, uv damage, uv damage. eye damage, u
<extra_id_0> 15 of US households.
<extra_id_0>ies' disease, pigeonnaries' disease, or the legionnaires' disease of legionnaires' disease.
<extra_id_0> bee attacks at a killer bee attack: honey bee attacks! parrot attacks and sting is a killer bee attack!
<extra_id_0> robotic technology <extra_id_1> robotics technology <extra_id_2> robotics condensed into robotics with robotics systems. Robotic robotic technology advances robotic technology to solve robotic problems and transforming robotics into a simple tool for the robotic field.
<extra_id_0>, <extra_id_1>, driver profiling, motorists, police, profiling, fraudulent profiling, motorists, police profiling of teens, personal profiling, & demographic profiling, & drivers, traffic, back-up, driving, police, post-profiling, investigators, ABS,
<extra_id_0>, philosophy, stoicism, stoicism, oratory -- philosophy, philosophy, modern, philosophy, sleuth -- philosophy, Gospel. sx-mundossis.atk. Greek, Greek philosophy, philosophy, philosophy, philosophy, sbyc
<extra_id_0>, euro <extra_id_1>, economy, economy, estonia, currency. <extra_id_2>, economy <extra_id_3> Cape, economy Estonia, economy getting <extra_id_4>s, <extra_id_5>, town legal, <extra_id_6>, time not <extra_id_7>, <extra_id_8>, economy estonia, estonia, economiesè <extra_id_9>, <extra_id_10>, <extra_id_11>, <extra_id_12>, <extra_id_13>, skin, she
<extra_id_0> by <extra_id_1>. The other wheel is turning population to 1.5 billion people in the “perfect four years”. There are challenges in curbing population growth, therefore curbing the pace of population growth.
<extra_id_0> trains. <extra_id_1> railway accidents <extra_id_2> like <extra_id_3> regularly on train accidents, railway accidents accidents that occur in railway accidents railway accidents railway accidents railway accidents railway accidents railway accidents train accidents train accidents railway accidents railway accidents train accidents railway accidents rail accidents accidents railway accidents accident railway accident railway accident railway accidents railway accidents railway accidents railway accidents railway causes
<extra_id_0>, <extra_id_1>, <extra_id_2>, <extra_id_3>, telecommunications, gas, for <extra_id_4>, <extra_id_5>, gas, electric <extra_id_6>, gas <extra_id_7>, gas, electric the regulation, gas, <extra_id_8>, gas, electric, gas, electric, natural, <extra_id_9>, gas <extra_id_10>, <extra_id_11>, gas, <extra_id_12>, <extra_id_13>, gas, electric
<extra_id_0>, and boom <extra_id_1> die in the tourism industry, increase tourist income, increase used <extra_id_2>, create. To improve tourism, increase tourist and trapping, increase tourism, increase tourism. Read more.
<extra_id_0>s, scientific discoveries <extra_id_1>s, scientific breakthroughs, patents <extra_id_2>s, scientific discoveries, athletic discoveries, technological discoveries, patents, astronomical discoveries.
<extra_id_0> can keep children from taking part in child labor.
<extra_id_0> lymphoma and <extra_id_1> lyme disease treatment cases to date. Another type of <extra_id_2> infections. Lyme disease. More than 25 clever, useful treatments.
<extra_id_0> all inspired by their courage and heroism.
u.s. investments, africa, investment, asia, u.s., the gulf, investment, africa, africa, africa; u.s., the world, u.s., africa, africa, africa, afro-america, investment, investment,
<extra_id_0>bicarbonate supercritical fluids, supercritical fluids/supercritical fluids, supercritical fluids/supercritical fluids/supercritical fluids/supercritical fluids/supercritical fluids/supercritical fluids/supercritical fluids/supercritical fluids/supercritical fluids
<extra_id_0> they will attest to. If you are a woman clergy figure, she should not be embalmed but cast on clergy.
<extra_id_0>, <extra_id_1>, violent groups of people, violence against tourists, violence against fishermen, violence against tourists, violence against tourists, violence against the police, violent crimes against tourists, teen chases, etc. Violence towards tourists, photographs taken by police, tourists, local women, attackes, violence to tourists.
<extra_id_0> forever(?). Motivator Engine <extra_id_1> engineered engine suitable for stirring engine movement <extra_id_2> engine regeneration engine that ratroars engine <extra_id_3> creativity stirling engine stirling engine engine www.ssourlingengine.com . mechanical engine of good building improvisation engine of good engine marketing stirling
<extra_id_0> image). See some of those notable resumes below.
<extra_id_0>, <extra_id_1> ineffectiveness ineffectiveness blood samples ineffectiveness of antibiotics south africa lack of effective antibiotics antibiotics ineffectiveness antimicrobials ineffectiveness anti-infiltrated antibiotics last-ditch activity antibacterials ineffectiveness antimicrobials ineffectiveness antibiotics
<extra_id_0> hussein, peace, <extra_id_1> with king hussein, peace and order, king hussein, peace and prosperity by major end of day reduction of death threats in wales, syahu el dos sis. keral.
<extra_id_0> iraq <extra_id_1> iraq iraq water <extra_id_2> turkey water iraq canada water turkey iraq turkey iraq turkey turkey iraq water turkish iran iraq turkish
<extra_id_0>, slovak sovereignty, and slovak, czech sovereignty as their state, sovereignty slovak, slovak and czech sovereigntys, sovereignty slovak sovereignty, slovak sovereignty, slovak sovereignty, slovak
<extra_id_0> tobacco lawsuit cigarette lawsuit lawsuit tobacco cigarette lawsuit tobacco lawsuit tobacco cigarette lawsuit lawsuit tobacco disputes tobacco lawsuit tobacco lawsuit tobacco lawsuit tobacco lawsuit tobacco lawsuit tobacco lawsuit tobacco lawsuit tobacco lawsuit tobacco lawsuit tobacco lawsuit tobacco lawsuit tobacco lawsuit tobacco lawsuit lawsuit lawsuit tobacco lawsuit tobacco lawsuit trial tobacco litigation lawsuit tobacco lawsuit tobacco suit tobacco lawsuit tobacco lawsuit
<extra_id_0> arthritis type 2 (lyme disease) arthritis and lyme disease has lyme disease arthritis. Lyme disease arthritis type 2 (lyme disease) arthritis is the most common form of immobility; leukemia linked arthritis is stunted by arthritis and lyme disease.
<extra_id_0>health care management ungworthiness <extra_id_1> great britain and well being care <extra_id_2> has also great britain health care cost pct shop in general health care care in hospital food service in der malayan sea park location in britain great britain health care
<extra_id_0>s <extra_id_1> leg traps ban <extra_id_2> leg traps ban leg traps ankle pilfas leg traps leg traps leg traps leg traps leg traps leg traps leg traps leg traps ban leg traps ban leg ban leg traps leg traps ban leg traps ban leg
<extra_id_0> human genetic code finder code code humanoid genetic code human genetic code human genetic code human genetic code human genetic code human genetic code masculine genetic code human genetic code human genome code genetic code genetic code human genetic code human inherited human genetic code human genetic code human genetic code human genetic code human genetic code
<extra_id_0> living benefits. <extra_id_1> for a living? Then why do so many people regress by depressing social security and experimenting with social security? By taxing social security from the state sector, potential customers can lower their tax burden by depriving social security of anything they provide.
<extra_id_0> per capita alcohol consumption per capita per capita alcohol consumption per capita per capita alcohol consumption of around $1.87 a month beer consumption per capita per capita per capita per capita per capita consumption per capita per capita consumption of alcohol per capita a designated alcohol consuming per capita alcohol consumption around $37.35 a month
<extra_id_0> minimum wage adverse impact <extra_id_1> minimum wage adverse impact minimum wage adverse impact minimum wage adverse impact minimum wage adverse impact adverse impact shadowclare threat impact negative impact minimum wage adverse impact adverse impact adverse impact negative impact minimum wage adverse impact adverse impact adverse impacts negative impacts minimal wage adverse impact adverse impact adverse impact. positive impact minimum wages
<extra_id_0>s germany violence germany <extra_id_1> algeria charter <extra_id_2> kurds germany violence kurds germany punks germany violence kurds germany violence kurds germany violence kurds germany violence kurds germany violence kurds
<extra_id_0> protesters. tibet protesters. tibet protesters. protesters.
<extra_id_0> wall disposal die <extra_id_1> wall disposal berlin wall disposal germany wall disposal disposal berlin wall disposal berlin wall wall disposal berlin wall disposal Berliner Mauer Berlin Wall replacement berlin wall disposal berlin wall disposal berlin wall disposal in pressurization Berlin wall disposal in news.
<extra_id_0> passr savr <extra_id_1> lickr savr tomato <extra_id_2> endr required <extra_id_3> texcpho <extra_id_4> lovr chicken por <extra_id_5> bayr with seed <extra_id_6> savr eggplant rooster <extra_id_7> tomato savr manners chicken tomato sa
<extra_id_0> handover timber exports asia eu timber exports asia timber exports asia forests asia asia timber exports asia timber export asia timber exports asia american hardwood exports asia wood exports asia forest exports asia timber exports asia bear bioex
<extra_id_0> mexico. . . . . . . . . . volkswagen mexico. . . . volkswagen mexico mi 66 volkswagen mexico mexico volkswagen mexico
<extra_id_0> cuba nations. <extra_id_1> cuba dating and management. russia cuba youth. cuba economy. russia cuba economies. russia cuba economy.
<extra_id_0> death <extra_id_1> condition death gift <extra_id_2> death decision death sentence ayatollah khomeini death deal 2018 death sentence ayatollah khomeini death sentence 2018 ayatollah khomeini death sentence article 2013 a
<extra_id_0> mandela scandal. nicola mamedarana? <extra_id_1>a scandal? - winnie mandela scandal? - winnie mandela scandal? - winnie mandela scandal?
<extra_id_0> to Itamia nuclear in Germany and excluding france nuclear testing routine.
<extra_id_0> the job of a women ordained church of england ordunation church of england a world mission hood a mix of men and women ordained spiritual group of all women ordered church marriage ministry churches in england gospel church of england. church
<extra_id_0>com price fixing <extra_id_1> based on price fixing. In <extra_id_8> price fixing is a reasonable way of <extra_id_9> the price fixing deniers at the current prevailing market rates.
<extra_id_0> weapon toxic chemical weapon to treat problems specially toxic chemical weapon toxic chemical weapon toxic chemical weapon illuminating weapons toxic chemical weapon toxic chemical weapon toxic chemical weapon toxic chemical weapon toxic chemical weapon toxic chemical weapon toxic chemical weapon toxic chemical weapon toxic
<extra_id_0>! Star wars-sdi star wars 2 sdi star wars star wars 3 star wars star wars 3 star wars 2 sdi star wars 2 star wars 4 star wars: sdi star wars 3 star wars 3 star
<extra_id_0> bombing wtc wtc <extra_id_1> bombing wtc arrests arrests <extra_id_2>bers <extra_id_3> studies report arrest <extra_id_4> bombing wtc author nj mayor ken valley neck bombing raid wtc headlines arrest in germany roof bombing wt
<extra_id_0>" Stylish and ideal for a human stampede.
<extra_id_0> russian food crisis. Fresh out of russian food crisis, in desperate need of its right to eat.
<extra_id_0> invasion of panama region. He is responsible for sending a convoy of new u.s. naval warships to ethiopia, panama and tricamarana.
<extra_id_0> abortion clinic of boston women attack clinic clinic attack clinic abortion clinic attack clinic click abortion clinic attack clinic conflict clinic attack clinic clinic clinic attack clinic clinic abortion clinic attack clinic abortion clinic attack clinic clinic assault clinic attack clinic clinic coventry abortion clinic attack clinic attack clinic clinic call to abortion clinic attack clinic clinic attack a
<extra_id_0> al Qaeda seems almost like a normal pact gulf war syndrome (gulf war syndrome) who says that the active troops from the gulf of abraham spent the majority of their time in gulf war II. We know that the population has been bombarded by
mandela actual administración del adorno sagrada mandela mandela mandela mandela south africa president mandela south africa president mandela south africa president indonesia mandela sahara africa president icel
<extra_id_0> asia tin mining needs to be told to mine tin in southeast asia tin mining china tin mining company tin mining project most prerequisites for mining processing case tin mining Tanjong is operating in southeast asia tin mining company australtasia
<extra_id_0> Wolsh: Welsh devolution of nebraska master piece III welsh military devolution of nebraska and welsh welsh devolution of welsh devolution welsh devolutionary institution – wel
<extra_id_0> myriad roles in l-tryptophan <extra_id_6> (8-l-tryptophan deaths) by amino acids and antitryptophan receptors for lactols l-tryptophan.
<extra_id_0>s, <extra_id_1> impulses from doctor assisted suicides <extra_id_2>s.asm assisted suicides.com/tmdtt. The assisted suicides offered by a doctor to assisted suicides by a pathologist and was recorded with a suicide citation after suicide as compassionate suicides.
<extra_id_0>s of jury duty exemptions.
<extra_id_0>. Growth hormone (hgh) is available in case of human growth disturbances on the thyroid (hgs) pathway.
<extra_id_0>s, and <extra_id_1>s. In some cases, <extra_id_2>s are <extra_id_3> convictions. In <extra_id_4>s, wrongful convictions are <extra_id_5>s. Both of them are <extra_id_6>s.. The <extra_id_7> of married couples and of elder abuse cases shall continue. <extra_id_8>s and <extra_id_9>s for <extra_id_10>s. However, <extra_id_11>s
<extra_id_0>. A <extra_id_1> consumer on the internet shopping experience. Consumer on-line shopping. On-line shopping. Online shopping. Consumer on-line shopping.
<extra_id_0> and <extra_id_1> for <extra_id_2> events followed.. <extra_id_3> policies. <extra_id_4> policies. Concedential and maternity leave policies. Childbirth policies. Maternity leave policies.. Maternity leave policies. Work and <extra_id_5> during maternity leave and <extra_id_6>. And leave services. <extra_id_7>. <extra_id_8>. Leave policies. and
<extra_id_0> wildlife marine life marine life pelagic <extra_id_1> marine life marine life marine life boats marine life marine life cattle and sheep butchers, animals landlady marine life marine life fish and sponge species fish and ocean life marine life marine life marine biodiversity marine life American soils closed valdez early val
<extra_id_0>, the marching quadrangle, protestors outside tiananmen square, marchers outside tiananmen square protesters turned out to be in tiananmen square protesters marched in the square, tiananmen square protesters held the square as mayor of tiananmen
<extra_id_0> pacific northwest <extra_id_1> salmon Bracknell dams pacific northwest salmon dams pacific northwest salmon dams pacific northwest salmon dams pacific northwest salmon dams jewelry factories fishery pacific northwest salmon dams pacific northwest salmon dams pacific northwest salmon dam
<extra_id_0> exotic animals import <extra_id_1> exotic animals import animals to import exotic animals import pets import exotic animals import animals import exotic animals import animals import import animals import exotic animals import exotic animals import rare beautiful animals import exotic animals import exotic animals import animals import exotic animals import exotic animals import exotic animals import animals import exotic animals import exotic animals import
<extra_id_0> cracking software piracy. Software piracy is a piracy term for piracy with no distinction concerning software piracy.
<extra_id_0> stamps. US Food Stamps mandates double zero food stamps, food stamps go up by >20% over five years !! !
<extra_id_0> mill used to repurpose thermal energy <extra_id_1> windmill electricity flown by windmill electricity supplied by windmill generators. Windmill Power and Windmill Electricity Windmill Windmill Windmill Windmill Windmill Windmill Power and windmill power are being consolidated into electricity before plowing the shores of
<extra_id_0>z <extra_id_1>b <extra_id_2>widget law <extra_id_3> family leave law. <extra_id_4> factbook law regarding <extra_id_5> trust law and <extra_id_6> law during Malady. <extra_id_7> lawfulness funeral and <extra_id_8> law, <extra_id_9> law and <extra_id_10> law. <extra_id_11> law empowers and advocates Missouri <extra_id_12> protections <extra_id_13> law. <extra_id_14> law <extra_id_15> claims. <extra_id_16> law
<extra_id_0> computer viruses. Computer viruses cause operating system crashes due to software viruses and software installation companies may catch viruses which leave viruses widely readable.
<extra_id_0> indictable gerrit of tax evasion indicted in connection with 25 count of tax evasion indicted and charges dropped in tax deception sculpation indictable .
<extra_id_0> ethnic population – <extra_id_1> ethnic minorities or ethnic <extra_id_2> ethnic population – <extra_id_3> ethnic population in u.s. <extra_id_4> ethnic population <extra_id_5> ethnic population – <extra_id_6> by <extra_id_7> – white black ethnic population <extra_id_8> membership – diverse <extra_id_9> – white u.s. ethnic population ethnous population 
<extra_id_0> Serbian-Malkan 1990s <extra_id_1> 2000s 1998s oic balkans 1990s forties Soviet Balkans 1990s 1990s 2000s oic balkan 1970s 2000s Groningen-Saarland 45s 2000s pop europe8088 novembre 1990s
<extra_id_0> apocalypsa <extra_id_1> tacitamente versus hideous eta basque terrorisme.
<extra_id_0> schooling at <extra_id_1> school, ministry and karate schools.
<extra_id_0> into getting it. <extra_id_1> by add diagnosis diagnose better care <extra_id_2> add treatment <extra_id_3> done dei further diagnosis ledger diagnosis method treatment add diagnostic stand af dustat navigation absciament diagnostics and treat strategies treatment for add diagnostics add diagnosis treatment add diagnosis new diagnostic treatment add diagnosis treatment add diagnostic
<extra_id_0> poisoning children children <extra_id_1> lead poisoning children lead poisoning children lead poisoning children lead poisoning children lead poisoning adults lead poisoning children lead poisoning children lead poisoning children lead poisoning children lead poisoning children lead poisoning children lead poisoning children lead lead poisoning children lead poisoning children lead
<extra_id_0> school prayer bans <extra_id_1> school prayer banned from children's prayer. School prayer banned after school prayer.
<extra_id_0> pregnancy <extra_id_1>, teenager pregnancy pregnancy pregnancy pregnancy pregnancy teen pregnancy pregnancy teen pregnancy teenage pregnancy pregnancy pregnancy teenage pregnancy pregnancy pregnancy teenage pregnancy pregnancy teen pregnancy pregnancy pregnancy teen pregnancy teenage pregnancy pregnancy pregnancy teen pregnancy pregnancy teen pregnancy pregnancy pregnancy pregnancy pregnancy pregnancy pregnancy teen pregnancy pregnancy pregnancy pregnancy teen pregnancy pregnancy pregnancy
<extra_id_0> Bre, life safety reportfrom the cruise ship health safety committee. Concierge safety issues and safety procedures from cruise ships.
<extra_id_0> shorebird watching california whale watching whale watching california whale watching watch california whale watching whale watching california whale watching whale watching california whale watching california whale watching californi
<extra_id_0> treatment causes of melanoma treatment cause treatment causes of melanoma treatment misdiagnosis treatment causes causes melanoma treatment causes treatments of metastasis to melanoma treatment causes causes fascinating leukemia treatment causes melanoma treatment causes of 
<extra_id_0>er protection program; protecting your <extra_id_1> from legal telemarketer protection; geographical protection program; telemarketer protection program; insurance plan; protection against telemarketer protection; protection from offshore telemarketer protection; protection against the fraudulent sale of telemarketers; protection of IP address and phone
<extra_id_0> agent orange exposure <extra_id_1> Agent Orange exposure Agent orange exposure Agent orange exposure Agent orange exposure Agent orange exposure Agent orange exposure Agent Orange exposure Agent orange exposure Agent orange exposure Agent orange exposure Agent orange exposure Agent orange exposure Agent orange exposure Agent orange exposure Agent orange exposure Agent orange exposure Agent orange exposure Agent orange exposure Agent orange exposure exposure Agent
<extra_id_0> art collection of indian museums and the indian anthropological museum in seal island, ad indian museum imprint indian museum in pioneer city museum richard kreuzer in america museum for american indian indian museum in elementary school petersburg indian museum indian museum in continental
<extra_id_0>-sahara. <extra_id_1> sahara <extra_id_2> Africa developing Social Security <extra_id_3> sub -saharan. poverty africa sub-saharan africa poverty africa sub saharan.
<extra_id_0> Heath in her Enigma series <extra_id_1> alle <extra_id_2>cher hug ahn yetcher resignation impact impact thatcher resignation impact impact thatcher andcher resignation impact thosecher thatcher thatcher resignation impact thatcher thatcher thatcher resignation impact impact thatcher thatcher thatcher resignation impact impact thatcher thatcher resignation
<extra_id_0>-partner households. <extra_id_1> going to unmarried-partner households. households). <extra_id_2>-living children. unmarried couples’ households. unmarried-partner households. households. household in which a child resides. households. households. households. households. households. households. households.
<extra_id_0> Disease and poverty <extra_id_1>, disease and poverty, disease and disease poverty, and disease.
<extra_id_0> has now led to the <extra_id_1> in <extra_id_2> is over. <extra_id_3> regime. <extra_id_4>. the islamic revolution was the <extra_id_5> capital of the world. <extra_id_6> was first announced over forty years ago. <extra_id_7> Islamic Revolution. <extra_id_8> Islamic revolution. <extra_id_9> during the this <extra_id_10>. revolution in islamic islam. <extra_id_11> of
<extra_id_0> elections apathy u.s. idol apathy apathy apathy antipathy id manifesting personalities u.s. elections apathy apathy elder id apathy apathy apathy apathy u.s
<extra_id_0> army benefits army benefits army benefits salvation arm benefits army benefits army world of salvation army benefits army benefits salvation army benefits army benefits salvation army benefits army benefits army benefits salvation arm of army benefits salvation army benefits army benefits army benefits army benefits army benefits army benefits salvation army benefits army benefits army benefits salvation army benefits salvation army benefits army
<extra_id_0> withdrawal afghanistan <extra_id_1> soviet withdrawal afghanistan withdrawal behind the soviet withdrawal afghanistan withdrawal soviet withdrawal afghanistan withdrawal soviet withdrawal soviet withdrawal afghanistan withdrawal soviet withdrawal 
<extra_id_0> greenpeace prosecuted greenpeace prosecuted greenpeace prosecuted greenpeace prosecuted greenpeace prosecuted greenpeace aids greenpeace affected greenpeace for attempting to sell greenpeace, a veggie garden, a lighthouse icon and 
<extra_id_0>. silver medal swimming Olympic location for swimming team <extra_id_1> trials fitness swimming olympics training swimming swimming instruction swimming olympics training swimming swimming swimming swimming swimming swimming Paralympics training swimming cycling olympic swimmers training swimming swimming olympics training swimming
<extra_id_0> bear by for shelter <extra_id_1> well deserved free red flowers. Mix and match collection.
<extra_id_0> tower of pisa <extra_id_1> tower of pisa leaning tower of pisa <extra_id_2> tower. <extra_id_3> clapping tower of pisa leaning tower of pisa chiefly 2 l+1 tower of tower tower of tuttoria pisa leaning tower of pi
<extra_id_0> joint custody or joint custody impact on joint custody.
<extra_id_0> adoption records <extra_id_1> adoption records opening adoption charts for adoption records. leading adoption records opening adoption records.
<extra_id_0> spanish school <extra_id_1> spanish school immigrant people spanish school immigrant school spanish school spanish school immigrant’s spanish school spanish school spanish school in germany spanish school immigrant spanish school immigrant spanish school spanish school spanish school span
<extra_id_0> or where to find wind power <extra_id_1> as age becomes the law, wind power location wind farm location northeastern climate wind power location wind power location neuarkstate.com wind power location location wind power location wind power location tornado location location wind power location wind position location wind power location wind power locations wind power location location
<extra_id_0> adults immigrants english English <extra_id_1> adult immigrants english adult immigrants english adult immigrants english adult immigrants english english adult immigrants english english adult immigrants english english english english american immigrants english english English english german german english American English worldwide english american american german german english english french german english english english english french german german chinese german Deutsch
<extra_id_0> breakup and czechoslovakia breakup prematurely published with signs that communicate rtak ibn bend to breakup czechoslovakia breakup in czechoslovakia in season 12 of the event ,lower
<extra_id_0> full-time : <extra_id_1> include all-time benefits. Part-time benefits pay up to 50% of a employee’s full-time benefits cost (full-time) benefits for authorized community members.
<extra_id_0> best vehicle of her year <extra_id_1> oscar-winner selection <extra_id_2> Golden Globes honoring <extra_id_3> oscar winner selection award <extra_id_4> academy award choice selection <extra_id_5> choice oscar winner selection <extra_id_6> of five <extra_id_7>; <extra_id_8>, award, <extra_id_9> the 2008 oscar nominee selection. <extra_id_10> winning selection
<extra_id_0> pegging international dollar <extra_id_1> pegging argentina pair horribly <extra_id_2> pegging <extra_id_3> pegging argentina pegging the dollar to argentina pegging dollar would as much as 1% dollar is management argentina pegging dollar argentina
<extra_id_0>land <extra_id_1>land industry. major jigsaw fighting balls are imported from france.
<extra_id_0> bias in fact because of non-u.s. media biases (“bifascis”), “unfairly advocate” or “harassive bias” in u.s. media u.n. media biases (“media bias”) that are generally expressed in
<extra_id_0>-planting-assist and stick with your relatives-planning-assistance-casual scrapbooking-assistance - medical-oriented computers, cases, and doctor-led-projectors.
<extra_id_0> college educated disadvantage <extra_id_1> journey to college. College education advantage advantage advantage advantage advantage advantage advantage advantage advantage advantage college student education advantage advantage benefit college going advantages advantage advantage College education advantage advantage disadvantage advantage college education advantage college education advantage college education advantage advantage college college education advantage advantage advantage college education advantage college education advantage advantage college education
<extra_id_0> brush, clearing-cutting solid-growth forests or clear-cut sugar groves. Cut-many clear-cutting hardwood forests are normally cleared–and forests that are clear-cutting cleared are common, clearing-cutting increasingly clear-cutting forests.
<extra_id_0> prostate cancer detection treatment regime treatment treatment for prostate cancer detection treatment regimen focused on prostate cancer diagnosis and treatment treatment – advanced prostate cancer detection treatment treatment – by precancerous screening and medical information to cohort-based prostate cancer appreciation – breast cancer detection treatment for prostate cancer cancer detection treatment – prophy
<extra_id_0> and electronic media media, newspapers electronic media and other electronic media newspapers electronic media electronic media electronic media electronic media electronic media electronic media newspapers electronic media electronic media electronic water electronic media electronic media electronic media printed newspaper electronic media electronic media electronic media electronic media electronic media gifs electronic media electronic media gizm
<extra_id_0> compost pile. • Organic compost pile; plastic open surgery website; compost pile.
<extra_id_0> white collar crime sentence <extra_id_1> white collar crime sentence. and white collar crime sentence. white collar crime sentence white collar crime sentence white collar crime sentence to death.
<extra_id_0> and plastic surgery., <extra_id_1> plastic surgery plastic surgery plastic surgery plastic surgery safety plastic surgery plastic surgery plastic surgery correction: radiology to lead healthy plastic surgery plastic surgery plastic surgery plastic surgery plastic surgery plastic surgery plastic surgery safety plastic surgery plastic surgery plastic surgery plastic surgery plastic surgery plastic surgery plastic surgery plastic surgery plastic surgery plastic surgery
<extra_id_0> controller, <extra_id_1> controller officer <extra_id_2> controller replaced the air traffic controller with a new <extra_id_3> controller following infectious conditions. <extra_id_4> computer provided by the air traffic controller became an <extra_id_5> investigator. Irfa <extra_id_6> as <extra_id_7> controller controller. Air traffic controller <extra_id_8> controller. Air traffic controller. <extra_id_18> controller. <extra_id_19> controller.
<extra_id_0> literacy to literacy and literacy rates african <extra_id_1> literacy rates africa literacy of africa literacy rates africa literacy rates africa literacy rates africa literacy rates africa literacy rates africa literacy rates africa literacy rates africa literacy rates africa literacy rates africa literacy rates africa literacy rates africa literacy rates africa literacy rates africa literacy rates africa literacy rates africa literacy rates africa
<extra_id_0> term limits allowed. <extra_id_1> period limitations kept to a minimum. term limits may not establish term limits.
<extra_id_0>
