<extra_id_0> women gossip <extra_id_1>, after all, if women fantasized, then why are they?
<extra_id_0>... why girls are beautiful?
<extra_id_0> Why <extra_id_1> strep throat?
<extra_id_0> should i have pterofobia or something? Why do not i have pterofobia?
<extra_id_0> are they? <extra_id_1> - Re <extra_id_2> i live? how do i go about getting copies of letters of encouragement psented to me from city of san diego?
Wenn i am intolerantem ? ?
<extra_id_0> What is located between coolant and anti-freeze? ?
<extra_id_0> believes these "justifications" are inadequate. <extra_id_1> rd. <extra_id_2> 28770? how do i find an inmate at southwest detention center 30755 auld rd., murrieta, ca 92563?
<extra_id_0> to offset saturn from the sun?.?
<extra_id_0> remembers you?
5 by 5 int 20 letters: what does 5 by 5 mean?
<extra_id_0> What is citriscidal?
<extra_id_0> Aifa's new humour is 'wet behind the ears'.
<extra_id_0> is the afghanistan war continuing?
<extra_id_0> good is apple pie when it's cold?
<extra_id_0> can you tell me a few shots of working immigrants or the babies?
<extra_id_0>! ? <extra_id_1> poke stink real hard!
<extra_id_0> i need baked potatoes and why i really love them? Also, can anyone explain to what my baked potatos taste like in a nice restaurant?
<extra_id_0> a skunk? <extra_id_1>? <extra_id_2> approaching a stinker?
<extra_id_0> how to train a siberian husky? <extra_id_1> currently i'm teaching a siberian husky/husky. Does anybody know where i could get a free guide on how to train a siberian husky?
<extra_id_0> is the importance of absolute zero temperature?
<extra_id_0>"cyclo"" don"t mean in greek mythology?" and "what does the ""cyclo"" mean in greek mythology?"
<extra_id_0>, when your in misery?
<extra_id_0> The dead man should not swim. Can you explain to him what it is to die at sea?
<extra_id_0> i get on the blk correspondence to her? <extra_id_1>, <extra_id_2> return the policy? I have had a guy or two for my life <extra_id_3>? <extra_id_4> policy?
<extra_id_0> I asked Mike, it is crazy that you became pregnant with a pit bull. When can we make changes?
<extra_id_0> i able to concentrate on my studies? i asked with a question, if i do not concentrate better on my studies; yo, a few simple questions.?
<extra_id_0> when we say to our passengers <extra_id_1> newly paved driveway? <extra_id_2> how quickly can you drive on newly paved driveway?
<extra_id_0> would our leaders be eligible to contribute when they could do something about it? If so, fdole that's why our elected federal senators and congressmen do not have to live on regular s.s.
<extra_id_0> so, he asks, <extra_id_1> what are they, and exactly what is the best way to cure them? 3. scenario.... Do people get hiccups, what are they, and what exactly is the best way to cure them?
<extra_id_0>? <extra_id_1> why doesn't water fall off earth if it's round!
<extra_id_0> by yourself? "If you ever do old hands you presume you've cold chose shoelaces?" I wonder just in case you are starting to see wart?
<extra_id_0> but is it a maximum amount for me? ?
<extra_id_0>...? Because's how hurting killing someone hurts like hell?
<extra_id_0> Library and Archives have evolved over the years? Against this background, how is the library understood as a heart of university?
emf!
<extra_id_0> what is my mudish skin problem? <extra_id_1> - i have mice.how do i get rid of them humanely?
<extra_id_0>, <extra_id_1> why did the army make cuts to weapons just now? ...and <extra_id_2> why no one has such long keep in mind? !
<extra_id_0> Muhammad Ghai suspect you have past destruction? the corrupts are angry. <extra_id_1> having mention so? ?
<extra_id_0> So <extra_id_1> ego making us evolved? Years, and years, but really? Why is ego part of our survival instincts?
<extra_id_0> are some good exercises to get rid of those love handles? The big question is <extra_id_1> love handles?
<extra_id_0> are those who take life so seriously?
<extra_id_0>?? <extra_id_1> I really am? <extra_id_2> can someone tell me what is a butler?????????? ?
<extra_id_0> i am highly undereducated do i have to dumb myself down all the time though i am highly undereducated?
<extra_id_0> and <extra_id_1> a bloody mary? the definition of bloody mary?  <extra_id_2> bloody mary's meaning?
<extra_id_0> is the anthropology of Indian music?. and from what is the history of indian music?
<extra_id_0> are liberals so quick to defend saddam?
<extra_id_0> what is my weather and general normal? Anybody know of any mega cycle changer parts production tools?
<extra_id_0> and if why do only humans have fingerprint prints?
<extra_id_0> What does this mean if it isn’t the example we gave you that big come brand?
<extra_id_0> that is ""light"" "well the black light is uv light.so if it is ""black"" how can it be ""light"" ?" "well the black light is uv light.so if it is ""black"" how
<extra_id_0>'t we fat people pay extra for air travel?
<extra_id_0> like what are the different types of sins and how are they caused and what are they?
<extra_id_0>""all body fat ?" <extra_id_1>"how"." ""how to ""lose"""all body fat ?"""[how to ""loss"""all body fat ?"
<extra_id_0> watch <extra_id_1> ? ?!!!!! ! !
<extra_id_0>, <extra_id_1> lame? <extra_id_2> how can I get rid of pimples on my back? <extra_id_3> what are my meds like?  ⁇  What is the consistency of my trouser? ⁇  Why?!!!!! ?
<extra_id_0> how can i hide the cuts on my wrists?
<extra_id_0> lost 30 pounds by june3?
<extra_id_0> are the numbers so desirable when and yet anxiousness and depression both seem so homogeneous?
<extra_id_0> Believe it or not, I love my idea of sorting red?
<extra_id_0> because of the <extra_id_1> midnight for “Easter Sunday ” and never go to church ? ?
<extra_id_0>, for example, <extra_id_1> to pass a safety inspection? O.K.S. Why is an uncracked winshield required to pass a safety inspection ?
<extra_id_0> this service loss does not occur anymore? And <extra_id_1>/operator? <extra_id_2> service/operator about our illness to make appointment w/ a doctor?
<extra_id_0> We have not seen how to use the freedom of speech? Funny - why don't people understand how to use it?
<extra_id_0> i have asthma and why do i have asthma?
Warum say germans are racists?
<extra_id_0> Money can buy fake passports <extra_id_1>, etc <extra_id_2> ? How do crooks make fake passports ?
<extra_id_0> t th chemistry is a basic of science? ic?
<extra_id_0> we go to school now but in the real world now we dont use most of it?
<extra_id_0> Facial hair <extra_id_1>? Why silver in men?
<extra_id_0> a 2004, ford ikon? <extra_id_1> this ikon <extra_id_2> ikon? <extra_id_3> suv? <extra_id_4>. <extra_id_5> ikon?
<extra_id_0> What is a wet dream?
<extra_id_0>  <extra_id_1> how patient a driver are you? Sie sprechen fünfes, 18. Uk: Was.
<extra_id_0> Food blahsemy? What is blarhsemy?
<extra_id_0> i treat my acne scars?
<extra_id_0> people drink poison (sugar) to their children on easter and why are there none cookies in the readers' book?
<extra_id_0> to cook angus burgers <extra_id_1>?
<extra_id_0> not, <extra_id_1> why some men never wash their hands after using the toilet? Why not wash and style your hands before using the toilet ?
<extra_id_0> how does spending more time in microgravity affect astronauts' bodies?
<extra_id_0>, thats bad. <extra_id_1> how i got here, but how did you get here? ? What are you doing here with this site?
<extra_id_0> "[ I hope the baby will wake up today 2 weeks pregnant or '"see leaflet"""" "what does ""see leaflet"" mean on ept pregnancy test"""?
<extra_id_0>? <extra_id_1> now use <extra_id_2> anything from the black hole tothe lightning blades ? <extra_id_3> ? <extra_id_4> seems likely ?
<extra_id_0>? And <extra_id_1> adults vote?
<extra_id_0> that geek is now doing a few resources post 2010? <extra_id_1> ?
<extra_id_0>weed""?" Then why do you really mean by ""weed"""?"
<extra_id_0> Does your insurance have limits so you can create an account?
<extra_id_0> what is masturb***?
<extra_id_0>cous <extra_id_1> is something from what origin? Couscous or couscous is a food from what origin?
<extra_id_0> do black people like fried chicken so theirmud <extra_id_1>? !
<extra_id_0> "why does that black lab howl to ""law and order"" theme song?" "why does my black lab howl to ""law and order"" theme song?"
<extra_id_0> if you have any memory of her <extra_id_1> natalie holloway? natalie holloway?
i'm a last word" Mormens"which are mormens (or mormenses?)?
<extra_id_0> is lemonade available at restaurants so unusual?
<extra_id_0> s when little braces are put on? ? <extra_id_1> burning questions: how are braces put on? and do they hurt?
<extra_id_0> people ask questions they know they know?
<extra_id_0> Why or why not critique Catholicism?
<extra_id_0> why do black men rape girls?
<extra_id_0> they <extra_id_1> somewhere? why are we seeing these people 'disappearing' on the soldiers in iraq?
Warum steche ich heute und wer ist es ?
<extra_id_0> in like 10 months? <extra_id_1> in above 6 months? i want to know what to do if i have not started my period!
<extra_id_0> many ask <extra_id_1> who has knowledge more than anyone? What are some tools that let us justify this wisdom?
<extra_id_0> are you heading in this I would quite completely disagree? Wow! You go through horrible times.
<extra_id_0> im mesmerized.. what disease will be diagnosed?
<extra_id_0> works with internal heat exchangers or crock pots in this garage? <extra_id_1> and <extra_id_2>? <extra_id_3>? <extra_id_4>?  <extra_id_5> with 1500 gallons of water????  <extra_id_6>  <extra_id_7>  <extra_id_8> ?  <extra_id_9>  <extra_id_10>????  <extra_id_11> ?
<extra_id_0>, <extra_id_1>... ? <extra_id_2> keypads? hey, why is brail on keys at drive up atm''s?
<extra_id_0> dogs do not differ by what they look like? And, dogs are judged on what their looks are, how they communicate, and what they smell like?
<extra_id_0> do i link fecl3 and iron content in fecl3?
<extra_id_0>. My girl seems to be dying but am still suffering from severe epilepsy. Has she calmed down?
<extra_id_0> bed battery on on it. <extra_id_1> an ipad format? What cause there to be white smoke coming from the muffler and making a kicking or knocking sounds?
<extra_id_0> seriously? <extra_id_1> so, zawawi wipes.? about... but of course, what's going on?
<extra_id_0> when the fruit is the fruit? When will a prune picture change? Also, by what tone do you mean dried plums and prunes have in time?
<extra_id_0> to rollover 401k into real estate?
<extra_id_0>" <extra_id_1>""how did you gain your life? ""everything was lost. so as to you prevent sin..."""...how did you?" ""how were you saved from sin-and born again-"except you repent and be born again...""""how"?"
<extra_id_0> what is agricultural borrowing, phonological borrowing, linguistic borrowing, cultural borrowing, intimate borrowing?
<extra_id_0> milk costs more than gas?
<extra_id_0>! <extra_id_1> the sentence's significance?
<extra_id_0> on why do some animals hide in dark places b4 they die? ? <extra_id_1> why do some animals hide in dark locations.?? or why do some animals hide in dark places b4 they die?
<extra_id_0> what is a nucleus?
<extra_id_0> what would you do best, and why?. Well, what do you want to be and why?
<extra_id_0> drink cuervo when it tastes the same going down as coming up?
<extra_id_0> muslims are the happiest people ever, why?
<extra_id_0> know exactly how to say terror at the funeral at a funeral? <extra_id_1> the feeling of grief? or what's the proper way to express sorrow at a funeral? or what's the "appropriate way to express sorrow?"
<extra_id_0> sentence remission? 2) <extra_id_1> remission? 3) what is remission referred to as when referring to cancer patients?
Is marriage at an allotment of JPEG regulated in disquite of means?
<extra_id_0> cloning allotting no one? Want more information about cloning and how it affects our communities?
<extra_id_0>? <extra_id_1>ger? Can you put sumptuous bottles on a cork and take them in neither? Can i make a cork enclosing the bottle never work?
<extra_id_0> do you guys buy new ones? ! <extra_id_1> your article on vinyl lights? yes also i do. but i wanted to know(s) if there will be any potions on my mast?
<extra_id_0> and <extra_id_1> The element is simple again: understand all the face colors, and make them look and feel natural.... <extra_id_2> will help you why you want to know what to do to help your dragon?
<extra_id_0> examples of effective customer service? Rates and policies. 4.12 You will have to choose from?
<extra_id_0> The earth's heat is uneven? What causes the earth to heat unevenly?
<extra_id_0> god <extra_id_1> the wind droplets <extra_id_2> water, it gets impossibly slow <extra_id_3> hand <extra_id_4> correspondingly?  <extra_id_5> OPtic <extra_id_6> ? air sounds w/soft mist & rain falling on the ground. what is the word to write photos on paper?
<extra_id_0> amoeba catches its prey?
<extra_id_0> have snow, hurricanes, flood, earthquakes, earthquakes, earthquakes have politicians, brazil have politicians, explain the president.
<extra_id_0>? How can we understand islam and muslims better?
<extra_id_0> do you prevent chicken from drying out when you cook it?
<extra_id_0> , <extra_id_1> pork chops, lamb chops, the whole range of meat, OMG ! We have pork and veal and meanwhile, what is it about to have neither to eat ?
<extra_id_0> disneyland makes it snow? Ever wondered?
<extra_id_0> it rains so much in the cold weather? Save a vote and tell us why of course.. <extra_id_1> even during the daytime? ?
<extra_id_0> artificial intelligence is that? What technology are you using to express yourself?
<extra_id_0> do kamikaze pilots wear helmets?
Warum wird [islam] so geteilt?
<extra_id_0>, in most cases, just after birth. So is it because it's hard to see through sinuous torn skin?
<extra_id_0> to design road crust for national highways?
<extra_id_0> wait, <extra_id_1> alone?
<extra_id_0>? <extra_id_1> . <extra_id_2> why do arabs and mexicans look alike?
<extra_id_0> can we stop the spread of islam?
<extra_id_0> What is minimalist cubisium?
<extra_id_0> then why is red bull so popular? >if red bull is soo bad for people,then why is it soo popular ,then why is it soo popular?
<extra_id_0> the media in the us2 europe is always attacking the arabs and islam without finding the truth about them?
<extra_id_0> does air travel so high? One real reason might be the flights.
<extra_id_0> usand why does't america regard foriegn credentials?
<extra_id_0> i was bahasamed for being christlike?
<extra_id_0> which dragon is my favourite?
Warum ist religiöse Freiheit so mehr wichtig?
<extra_id_0>?”.
<extra_id_0> people so rude without reason,is this why some people behave so rude without reason?
<extra_id_0> be charged a fare increase? <extra_id_1> ? <extra_id_2> junk car without title? <extra_id_3> junk car alley? Sell? <extra_id_4> title?
<extra_id_0> auspicious? if so, what are a few signs that puberty is beginning?
<extra_id_0> do so many cigarettes have the yellow filter?
<extra_id_0> are your penalties?
<extra_id_0> many cats headbutt?
<extra_id_0> is the world so shallow?
<extra_id_0> Don’t multiple but you can stick to one category. but who causes an ox and a bull?
<extra_id_0>, and when were some of the witches tested?
<extra_id_0> Less than 30kgs WildGrass Compound = 3 such worth of material I have gained in the last year ?
<extra_id_0> Any cute sets will hap! so <extra_id_1> sleep. <extra_id_2> easy ways to get a toddler to be serious? What are some awesome ways to get a toddler to go to sleep without being mean?
<extra_id_0> when jazz is only considered for black people for citizenship (the black people!
<extra_id_0> is yawning contagious?
<extra_id_0> don't commercial planes fly over the north pole?
<extra_id_0> or <extra_id_1> ? ? animals I meet in goon <extra_id_2>? <extra_id_3> pitbull aggression <extra_id_4>???? ?
<extra_id_0> delegate properly <extra_id_1>get concentration on something.....? and how can we get concentration on something?
<extra_id_0> What are the marketing gimmicks that will attract males????
<extra_id_0> milky way? Hi, i'm also a milky way local, but we've still got enough words?
<extra_id_0> i know how to remove a term or phrase and get involved with it?. <extra_id_1> just <extra_id_2> easy... <extra_id_3> technical terms and phrases be the same?; <extra_id_4>? <extra_id_5>???????  <extra_id_6>?  <extra_id_7>? <extra_id_8> or is a <extra_id_9>? my name? <extra_id_10>?? and <extra_id_11>?? 
<extra_id_0>, <extra_id_1> my "friend" buy...?
<extra_id_0>...? ? Wonder the children - make it stinky?
<extra_id_0> because, in collapse mode: <extra_id_1>? Lets see, what? Why is foster competence so limited?
<extra_id_0> long list. I rarely see people truly cured of this sickness, and her symptoms are complex.
<extra_id_0> all “Digger springs” exist!
<extra_id_0> is the process so draining?
<extra_id_0> If you make the ultimate: <extra_id_1>? Can you be so brilliant?
<extra_id_0> I wn wanted to citing my gf voice?
<extra_id_0> if the patient has a give nor resuscitation order?
<extra_id_0> from a question around the forum. <extra_id_1> 23/03/2016 <extra_id_2> simm card Visizone? What is the first step?
<extra_id_0>, <extra_id_1> how does ultraviolet light affect seed germination and plant growth?
<extra_id_0> i have been loose stools for the past a week but have no stool stands now?
<extra_id_0> can i keep my husband from exhuming my baby's body? Also, need my husband audit first time?
<extra_id_0>?
<extra_id_0> Hey Looking for Car Tarmac Speeds?
<extra_id_0> How does water pressure change?
<extra_id_0> is it important to know april 24th?
<extra_id_0> if the church plays any way, why does it probably make no sense?
<extra_id_0> to hand sew sequins?
<extra_id_0> how do i keep black birds out of my bar-b-que grill?
<extra_id_0> name taco bell?
<extra_id_0>—the innate immunity? Will innate immunity protect us over time?
<extra_id_0>? <extra_id_1> i don't know if i have gold fish but they are pregnant ?
sholomiter - désigné - the term alludes « sholomister » signifie sholomisters  ⁇  sholomisters  ⁇   ⁇ ?
<extra_id_0> damage and causes of the rise of christanity?
<extra_id_0> am that a patra arm <extra_id_7> virus inside?
